Temperature_C,Solar_Irradiance_Wm2,Humidity_Pct,Cloud_Cover_Pct,Power_Output_kW
25.11258320887879,185.13292883861965,38.31939786151342,67.2702994208898,0.5332890744151342
40.66928627306774,541.9009473783582,37.28851593503999,79.66813971913723,2.297457044206672
34.763836428907936,872.9458358764083,83.43782063647257,25.046789879249896,3.773360483358158
31.163779073319986,732.2248864095612,37.46823398946543,62.48740996069989,2.953838799229733
19.212503291945787,806.5611478614497,39.03648082900417,57.17459831437487,2.5611949194217507
19.21185204907747,658.7833667107174,73.15787836925746,83.28303767882711,1.059566458194997
16.568257528541384,692.2765645178524,51.481788971537796,90.60870604812605,1.039654590173983
38.38675593592325,849.1956515653193,74.36973898686269,1.2156771477386807,4.197743708883695
31.230105317066638,249.66800885918593,24.575631029506965,67.40199190587927,0.8883964115655316
34.11795960049323,489.4249636431405,54.1299835571369,5.1835799119729025,3.0502370987704226
15.555781345986667,221.20944181960223,22.352952012829785,54.88586650773559,0.32205525029175475
41.18756600837385,987.668007996647,24.38572424187482,28.76327290436782,5.107734246309704
37.47595130161139,944.0593396866133,83.45062173410876,30.67765995221412,4.012826295302297
20.733155988313456,39.426811368505895,29.74717597823166,35.29585034523566,0.3126255165396605
19.909274114591717,705.5751725156885,57.2694477592652,62.12924490496101,1.7390586361111506
19.951921766042712,925.2483174156658,48.77669218204946,33.40499656687692,3.697928087575461
23.21454055990752,180.57534512733352,44.31403283811899,73.26990505902803,0.0
29.168423654070423,567.9452305526295,82.98833419810907,40.45273855738697,1.9407769443146017
26.662515503337126,915.4882975880419,21.527637774284266,6.835320030995861,4.349739149033129
22.863186785347132,33.94597858579884,66.46527803229124,78.37598424841073,0.0
31.520028157504246,697.4202672468399,87.43761039494854,28.5758324592706,3.1148522154232707
18.76633423760513,297.3490073725508,59.211772842328934,43.276687959926264,0.7731868714374361
22.887905510450892,924.3961953765304,85.57757234231643,68.54438832219016,2.811000989567305
24.891769768929677,971.0582451653678,23.658051550021664,33.2456157148712,4.331757148497101
27.31388957385997,944.2664891134339,49.31553233519129,5.658565614671563,4.315699833795316
36.19975095761137,474.2142166574638,38.21104536734358,37.39210470128136,2.51073402194585
20.39119211827571,862.0426509893134,71.15746754865108,94.44485826943034,1.711218543172429
28.884329837167513,844.5493985350704,88.69079633480726,64.17343972985582,2.918152308861276
30.99519335927515,319.10047324325564,37.957104371097344,67.1479148667207,0.8642744906061303
16.254161143439937,828.9154741506774,65.79222210318521,63.22821536376399,2.3846229633453966
31.403711001338834,37.00763471549262,33.86683429318181,19.899213895943678,1.1601542420999744
19.60415133955687,596.2698784820531,59.57311782001269,41.833386410228016,2.2988122148445855
16.756393010602547,230.00883728770305,52.47527406818353,75.09397983633183,0.0
40.61990950584,120.56688577727881,88.0403730742076,10.137289755315916,1.5725779244687532
41.072064893013106,76.95320162920916,62.59690908875266,27.785277608971228,1.6360717754083096
36.82672839914445,696.2887758781397,44.46544604607732,27.631910846585363,3.505670510690562
23.224571767681006,339.87496376806615,27.986704942155335,43.2018927594506,1.0698154893392775
17.637147078172365,724.7667715287614,30.58727801144542,98.0368740942185,1.138312171243287
33.47429171582824,65.35634079894237,35.772185096586455,6.750254668382194,1.5849554104259391
26.884117330969236,315.2903378306103,37.567666293820864,51.870099438059505,0.8156585245597878
18.29503234080903,539.4912923753373,79.54312404887965,17.936468201221047,1.844092371440998
28.369776573004295,790.7231648389635,59.28559517977674,97.06765454097442,2.1346350827966054
15.928490070110897,318.7525029320699,56.63736379620565,11.33035047274642,1.3154889751828223
39.55165085612711,625.8913764370091,28.033821030845225,40.36010023615913,3.4786968063595913
21.987059503200456,885.9777482361872,80.20977853446044,73.78849848346061,2.409854184251126
32.888101677557515,615.8631881823046,70.59700122459387,70.45544280274453,2.248552130968944
23.416199054414093,232.95947475363377,24.73678533300011,42.272863689393226,0.819359448469615
29.041836571800893,24.40078155653802,69.5484568060838,34.652416795271826,0.02576302315821602
29.76117754226855,870.0988739009299,58.04767521398522,39.76123785528706,3.4382209744173893
19.991070299189232,21.26941085038714,25.720774202274477,26.42762631586393,0.4649092523935089
41.17878494964308,874.7016726841994,52.08104490700595,20.53329387067998,4.806349329414306
35.92858623075009,528.937134027212,53.92874009910329,48.303969755889,2.4970561154012416
40.366471422233104,939.0676985128962,31.6042178114293,26.853375606760732,5.158183408291719
39.160338461546516,798.7832357736654,86.19887029001976,28.746166489725013,3.4806296600020135
31.143299427899297,997.9341105333375,79.49827600364634,65.67560634745571,3.7738513488529644
39.890604345624155,350.71181545171015,66.83156361303759,96.85373316998923,1.0966349039003396
17.389297555401825,767.1882889311269,52.360689270042506,60.363720055937506,2.354461139124573
20.29153728531692,401.93091360924217,48.82358791091559,7.697946706496628,2.3364654872179385
16.221136800584528,479.8756203039088,65.5681427005668,7.558361385406698,1.592386024995505
23.783918930608138,627.5054632183701,58.180230858483384,95.1423220845566,1.109679421875391
25.494286821616015,873.6771141863387,24.359117411731994,29.729079030733363,3.784189350957778
22.32642385789519,984.0834691992951,55.87518541392322,9.206698608247542,4.4540651081392255
37.37591274710209,768.2734138645181,76.44825320629877,59.90445871503815,2.7692894385289977
24.632339820726912,417.76678216733376,52.146791431787065,62.36487782902661,1.285417678674775
22.58523176155928,421.3570022770702,23.636960428798787,64.85048201186882,1.5554175814602231
29.65279424527271,737.5823015888915,75.03947395688232,26.74020278575413,3.2868107033520952
18.80495407431859,238.77714576830235,34.09546474951821,1.5110684214475034,1.5809304755973073
36.659318480359076,110.47411313139466,38.10345844216272,96.50153694544719,0.0
17.012867379353814,354.62215764077655,31.529444740260715,25.089304569110247,1.282681267520912
41.64594728821397,287.23899165408176,43.115054541004824,67.60262880525475,1.6979739905712161
35.850608771009746,296.3081204559901,72.97260539820445,70.66298698787095,0.9906469274160509
20.365323401422657,233.60775104990995,56.35701016527561,61.00074170794857,0.16130833458353627
15.149097162337265,42.093189636361885,34.34168919054988,31.290739421364822,0.0
37.01745856828052,17.87393473341381,81.44810547064286,27.109625376406576,0.16053353049084562
34.08514828388566,987.7223897360316,81.57072984660704,59.76682827027031,3.429932625530045
34.68319353710666,427.77313373586236,80.94048975322048,86.60956336116915,1.2859398644711395
35.824299360520534,384.32664715968167,36.71573479670775,94.67337289233956,0.8118056366503916
16.99920559682044,679.6472826930699,51.58675409266917,10.590580440375764,2.8787662251233104
24.67857467069536,218.25388786506417,88.94927592986126,15.482861259771985,1.1092830951400123
18.1284646071785,949.9611839502253,74.04087334169932,94.47362587830797,1.8254021815762151
38.30379249864103,786.3450144155521,21.901719485789187,73.65352283347926,3.4054241260229996
31.829049424344063,89.41100231225951,24.564321388234443,88.29938248297731,0.12504872442648185
23.934246671021526,417.58077578492833,52.475196376863295,20.263263413534315,1.9395180690329201
16.71607545772264,879.1183075621647,83.64541441030921,58.758587110940184,2.9143317279462493
23.39652268632288,944.7320222914103,57.709125856689994,70.11395944174737,2.6356639243042985
23.77994969472217,467.4015112498697,54.846875562400314,68.01118854469726,1.361656709194415
34.69936681512773,613.4113892107077,27.38315899696414,40.81516908666981,3.0639185784168865
32.21405172659075,167.0339460920752,65.9746073307006,1.5394891691308477,1.7426865449755506
38.954744049560816,991.1686261369765,77.54722124201578,58.29260568042631,4.059348811337112
27.74980297937263,231.6717013834434,46.62940052552936,25.310153917960875,1.195048631465895
18.229044640334145,942.7317741351256,74.29282956477292,45.02542461428904,3.084741819115568
34.25760925502087,649.6466489923685,87.51336577305682,95.75810150838173,1.1495910805426566
35.54119631265623,607.7367948788591,34.26365213893824,39.903531764243475,3.187949338588275
30.1544843343764,512.6885110165086,56.63307418363189,83.98016066644267,1.372175998817788
35.81611385877315,230.66981171775868,40.09965706592028,18.854060574925114,2.063139191380608
28.33248110183855,176.52803200550827,75.49980933236876,67.24604980250288,0.2344407587576454
29.113786393313838,220.48620907017536,60.43153561168103,97.70069544389435,0.0
26.54360749568084,186.4382621442545,64.42076922852127,10.189310087293679,1.2545574132896289
15.68631642209057,779.5844735667533,75.85399117311258,0.8319942227192012,2.951260251853774
17.91306852881922,350.1252591667301,47.71793308637184,43.35827926326144,0.8093653942491241
15.848588013541825,57.84267656339637,84.05630478849302,9.26254830513672,0.23533301697847842
32.18308110412207,969.1026301408114,57.3120207072298,74.83843496762313,3.702942750485784
23.487611489060818,883.7858849634257,31.05683759847436,91.45486638485589,2.5222363233624714
28.731408661446977,927.752283195213,68.71293827181617,43.402097270875885,3.6016087871681766
39.504294796004515,994.9078226464353,75.52829453067781,25.871164215544095,4.501216925769555
21.730890187019625,173.89524921948728,42.173317394726865,43.44033190066098,0.7261370633219313
26.080338921962003,396.24201890265874,80.0025479899127,72.3447817850001,0.7751472708479619
35.39988074066231,758.2384757040913,83.43002783360365,0.9054161580370979,4.338782825645453
21.177550468273807,696.0206180537922,39.38331411644663,58.945398948469716,2.0945542600590508
17.078457565377413,153.89590633985506,88.84650309006554,61.329168488737906,0.0
22.823289228671737,815.8331249906178,29.849806963413087,63.76882468959355,2.8769115824751705
19.35297475585812,224.44057183666067,34.141096788174295,24.202207998087722,1.1692538048412053
40.101836613249475,223.81761482262309,32.89573874666183,71.40527233781268,1.1001659282205678
36.81925024823926,536.9744228934136,82.57927970055093,9.13914863317764,2.8056922162258147
32.101901425781435,592.9399348417031,65.80047866274734,19.92703364668008,3.0965908568795237
38.52943593506838,580.0862078378112,30.647299825559102,87.74700466544819,2.329630609049226
36.699146076276094,91.48683739775487,50.82263928578443,73.87231507265663,0.031977138981101966
20.03739158992297,877.4608626303803,63.07086175488614,1.3745554011345251,4.124601864667218
39.099092959229395,265.60004258870606,25.84248594925683,24.83762603698002,2.4962171799234456
29.56224053172257,129.51492128280418,81.76914578851371,21.440648299316457,0.7765265872954376
36.80088418942969,888.7480798689772,76.25224748090747,27.080632803697256,4.106820970539581
39.19446509793431,955.6514982297533,55.36447415036468,24.755977027988642,4.844376519975491
23.586093824240322,862.1276172654506,87.69886306814193,6.252629574284574,3.453433324055456
17.97140196224727,809.5160747248781,49.24326854925698,45.894051659682034,2.732326974158482
21.154249388632426,655.2419806390217,88.88772233255484,73.27334747861651,0.8938595101679933
26.53191029290892,550.8573706091393,66.7543999162539,60.67317247174364,1.8243086775851785
37.08639867990732,86.98675991141013,64.4269891277759,67.28716685980798,0.0
38.23972574792127,408.4532130706987,31.616842670704948,8.114917853623915,3.368016321585131
15.18770752434215,372.688517012314,81.73494308132507,95.14907101767872,0.0
28.790177169594273,259.7537837603262,49.92427815444306,83.84918338430248,0.2599641479043027
26.270097085017035,723.4201136885849,31.356338404773552,80.50903184956627,2.15789450674923
20.996910882709717,495.8757350787708,20.88252639830313,82.29838050417675,1.1209478355995877
18.236364918009436,81.04621590764793,59.18289785468678,93.27105081327613,0.0
24.115609627897953,220.18320194981135,56.91797354858734,54.42539661136977,0.0
40.458562005638015,683.258763659596,70.3547535658411,20.02820178676259,3.9072446607442584
23.72647916456039,76.13085949030018,82.31806371124614,61.678360785254114,0.0
29.007346787070887,851.2069140487687,25.558460925012067,74.2881493667939,2.8724430693911764
33.9815118901698,495.1465270139743,71.20475432382537,73.79173933540254,1.2767168940082356
24.81799926424094,480.586577326648,33.118836086830754,52.14490241668801,2.124438468758212
41.23811623346594,592.4077846595176,80.07239372100148,6.845871933357806,3.3047941984456495
40.986076963437,824.6809659251492,77.33444597031593,37.11129384301278,3.6017872731898404
21.79812198728483,347.80920790219307,57.85556284898811,92.07666084633573,0.28851699402936365
28.42570965909441,678.0161525590636,69.71699590363181,58.4448909757426,2.334992889896988
23.12371436505278,565.731963995791,42.00450792286239,53.83319432557134,1.7348194931884726
22.690693348191626,267.0282701694213,52.98175292529702,26.885351438219352,1.178448185150833
15.995947578572386,878.6299863551579,77.51458283973301,36.84489199165789,2.5971231193907083
31.458237017457215,797.4260216069281,52.148563802124976,89.53460891531692,2.670602400657506
28.572333627179262,658.4518346584255,45.04587857278092,66.64630475268358,2.491313332185811
16.389926283749713,850.581729094242,54.59487130752099,78.73870267523328,2.2075017037489664
22.52345453438851,867.2942009598023,77.97744767060529,45.434542306765515,2.979216419966675
39.52317892109965,708.3629767150347,43.46456331596109,63.024721945615795,3.46670840581667
21.468171048008255,837.013328363672,32.16331151950207,24.838360874320752,3.602998798651311
18.912161546463025,697.4714616692836,69.84098142315466,70.54608302834863,1.3897876241176066
28.2152245274942,680.1407717603004,77.81847488956572,42.76013337033373,2.5878316796800407
41.61256226098622,618.6113782151843,27.044623496647333,44.25455148147456,3.8167457712215067
21.535492330810513,752.7166395576412,36.79118789291613,64.93223245768817,2.218132748050995
33.14765977995872,158.6051052930737,29.938039283269575,93.62806214689266,0.04756922106088472
35.563729613875374,880.8707591989285,44.35589881075167,6.400634660862092,4.813387043785014
21.41621368779479,871.843527745232,51.52456852337889,82.47432373470076,2.3826716656417157
34.661841412520204,29.247283034559146,72.41784358743146,29.238311041219312,0.34467582999008306
24.93014458341984,825.8167505647626,65.5803309417172,44.391945450637785,3.230503584246209
32.072257426026646,128.8698674734452,63.46499972349018,2.1913328775008956,1.9046238308136452
32.10530219054416,335.11885425914187,44.66624626267581,30.1046077834313,1.9362122000731725
29.465916470018477,743.5082562916077,78.9013287159332,50.26312426301305,2.472239418300562
17.437823791469025,160.7598960483082,52.99010171787152,5.617607734743901,0.562885496882396
37.55316738090943,817.9670241190622,88.53734566106081,49.10957293831652,3.3335567463890183
23.66106175423687,832.1341779577419,64.38994968070158,92.71106288584274,2.2342445136821922
20.035999780796065,507.4677337608362,28.83853190951519,10.539321810780521,2.627532718071462
16.100928821978627,6.38587171683358,67.33242934528039,76.44407280755044,0.0
30.954109466082528,287.0381331749128,42.75728108021893,40.967105337599264,1.3310887580917414
33.29423776974163,616.9269183757422,68.04290376802682,65.5173714524338,1.9232103687174888
15.447871381052115,981.1861780274235,24.874880371368402,26.023659798522935,4.094866546743133
28.82651257408059,631.8135270166683,32.24170060231716,15.949226254135828,3.5099325299419326
21.115385930344324,259.8035810641598,79.90160812340504,16.046261427122644,0.6658963536592055
32.41966534105515,634.0057030996113,35.90256899164604,7.049194564314465,3.97496429388459
19.70789358313477,539.9853797158555,78.5928787670058,18.564670490124303,2.1029282447264164
33.655318928766576,779.8453951511436,39.54932619180873,66.42193849889682,3.358134424176038
25.44185435011451,106.98063882695841,65.00173370410954,88.16906118435081,0.0
40.29170969589183,761.027902502028,68.59054014568818,81.41256855911618,2.4713754910804107
18.71306549194182,541.2665786761103,55.88583272015371,68.51343098744842,1.1417987803975673
24.20879147835698,962.9920038589946,41.37174736877119,11.043186341110268,4.528383274222948
18.063785073495904,341.8721660386861,34.88510634597673,28.918744629594983,1.7027241263632653
39.96672769352119,632.6218931339481,22.323254819369836,30.980687532246897,3.827193441136242
38.68816254128649,932.0281055100174,41.27624808685067,24.99569463976212,4.701307920078239
21.964423948309204,102.50972799067925,65.72139533718982,51.50056597097231,0.0
32.81956924292284,937.2284872364511,85.68133729139379,53.55538148796726,3.7079715229624934
37.06499940543283,687.8857223008133,80.98431375841363,35.68859751711102,2.888236686398395
29.990421913185482,67.8370591051719,73.62453435747119,35.3789158736436,0.6527393819868421
29.300565615612175,300.96356694681623,75.19131402773091,82.85555979060814,0.20298128255709982
21.530011854312196,708.1720886452816,66.54894324331967,78.92928483196856,1.9832302327477382
17.51377473075928,67.3506014687717,38.220080029620206,30.779583168074566,0.2830849367672133
39.22482546473982,582.1704601762733,83.50365214940808,91.37884438732593,1.599910606812993
39.31128754340992,345.88305695295674,66.95126183340838,95.2815017002506,0.6700746782780019
32.093739346378236,620.9155177674771,59.230844168630796,32.67425420300408,2.774373937173215
24.15380435831492,45.74203381251285,27.769262844943675,35.442494879305485,0.48977916560529844
24.428658514541844,871.5368061523762,51.29388806644978,50.56341534219588,3.198804262071725
34.600803329496465,973.4889691773969,52.22507898413484,94.11208125336735,3.1007413466619744
39.221977018719585,968.8778552856915,80.5194526665869,87.63194331423115,3.2456505970647274
38.951333455158164,749.6518317429247,58.26537541314519,10.25679625835898,4.174099726374806
36.056639738155845,130.08624013063198,46.62803842792867,39.27307432714162,0.6456882577252383
32.33485444616577,758.2631959290226,88.37602299574615,55.33711897497719,2.750926519525114
17.271779054866318,24.58691645880151,27.750441532842096,50.313247255154,0.0
19.36397528055457,22.123551528997254,49.578389981836125,19.38630679368927,0.0
39.260963090231144,323.61021914954125,22.94172726199837,85.88167711681547,0.9729693467312872
31.37358461080893,488.64319040466575,71.79328845368512,67.69407829968374,1.092659042055006
15.248320393649001,770.4074178077932,84.26535865394054,83.79083748518036,1.0544858540481525
17.739731657382865,683.2953766065052,39.60261306853426,85.87642793494722,1.3648092083847791
32.914547765917504,445.9027063767483,80.08391737593846,74.83558536657398,1.5224391602173182
15.136662763847905,273.62666628166585,40.45527613233284,43.92106012497173,0.4631899043172548
19.341817388272464,997.1245001577112,83.75391131507406,61.054675501542455,2.932506268116484
29.815812312897826,426.18130223597296,72.77733325177488,16.036540611974313,2.2271079571328136
33.68117033770272,451.38702432967546,76.34347437890071,67.36454174749078,1.4050940727081849
32.602954006570215,163.62382119166918,21.260458892031814,17.925325573928074,1.6980431925511092
21.055271355435114,794.8095487499294,87.39672499518181,69.39495905101568,1.7310765790794924
34.22883897638347,693.6822257814887,70.86696944492263,22.959816075396866,3.608490345643808
21.4057253624136,220.76961278876038,41.33257667702934,11.755130015021997,1.6663756809325654
23.785791850300228,82.3810456158427,78.05762654011929,16.52844901429574,0.07113679046673743
35.155267938186654,680.4993020747131,39.706483889045096,0.1992135219070268,3.873905777702318
32.540088274274794,654.5112142811353,81.09276876962895,71.87396178535302,1.940680278959529
37.929032083342804,273.2595269982093,27.88062732883559,73.24010490583791,1.0529737817728253
32.75554809210927,950.8635622504104,69.2580184222557,51.493334991325945,3.8199778802492017
30.344332290057736,151.05789178090023,57.848893365143724,16.13628010553837,1.0745792053829606
17.529218731358498,432.3348010426019,26.757412913680856,8.355433751068976,2.604128550141465
24.928326682604705,943.6159201675989,36.932567978118726,1.912896643728701,4.851406121013589
22.16046392740659,419.7273169261223,20.868282539412036,16.57481769652207,2.2892680908767002
21.587720371235257,638.5259476640855,52.81375758251541,89.08555349831467,1.5290384160906039
41.27128497831603,397.5943979627943,41.08856825320002,24.153684170168177,2.9811625597030766
25.613638566002532,274.21520234867,61.885023900843116,35.42713272172156,0.9373603466402954
39.08525698978206,983.9776479598282,40.80664653960321,10.534548448133318,5.108172558061326
32.040742901926095,409.33400631504304,40.994337805488925,22.236130474817028,2.4003357953991764
36.45990519562451,894.0992036791345,72.02352391121224,51.922457078020514,3.8130349187248194
28.571201513840187,229.95460589108617,23.369998518484742,60.775268309565256,0.926985227610885
30.576404884911696,213.1047040250833,83.2026496634391,24.535231416621105,0.7431086389409056
28.297977733109327,31.13408288451136,79.6584712073827,5.773215922511721,0.4668212988792818
20.271560670547203,651.6668253758851,66.74632782584845,39.10328691273987,2.155921745798743
34.50620711206064,368.52634372376116,61.5255099075169,23.420337092633414,2.1006207687050735
22.580853785903106,864.3582498396371,82.46117486977565,21.955392322980195,3.717264528854306
15.656531093649253,473.20990669155714,32.97311256701001,95.98628027134552,0.14901186187188098
32.42775198949353,968.1934279147217,25.527841353358003,61.63004859257241,4.10739977411571
19.78198834399032,185.52551570312116,36.76571189366767,55.68784431720959,0.5476100963967903
40.39238177752868,868.6231679556108,75.62047950901332,41.57751035233219,4.36064670764666
40.75607157906986,776.5968527917418,22.426918670853834,42.89443334301443,3.981153651914841
39.70133853595211,770.921844644052,60.79647845584427,54.090500383808084,3.477265403683249
24.994284906897,844.7832281168877,89.6806261333917,69.64298070361072,2.453133353845999
15.41732864627942,761.0239909429989,79.89872656862775,70.21460961818295,1.6507792843466886
40.06460118986858,626.2203216314153,56.50119823305126,17.169390770544958,3.579942508029817
26.56097200456749,131.24487768238757,24.454863650064965,50.0112752076627,0.6954490482040303
41.09968011417908,32.526179491251916,78.1961460069997,41.195809503410196,0.07276185649182354
41.017739381409825,920.8478478156868,61.928495572404735,87.05269662693841,3.510353370082949
38.03125529761872,616.650314520738,28.04530979416968,63.14189212183764,2.8501086633178327
22.950120085878815,796.5372909761763,26.570009937634936,53.25040664159818,2.95845195663468
25.397638672251983,481.5223515125501,83.67387736056148,11.539464217891737,2.5378157208432617
37.98069013095514,117.30818896239448,66.8440184056655,60.56378893234115,0.35356449593574657
23.556894139219494,125.18579220255045,78.05007595217289,11.720390568023342,0.5830641070759746
19.576304160524497,685.5652872289713,81.52852301975872,33.720657556575205,2.6296886360539657
30.033634086375454,430.3058948994627,60.02406464338256,14.284196481433186,2.1705684468841633
40.27617890234109,200.5247267003367,56.221244622852886,69.20736470243689,0.7595250550538268
33.79280451022427,491.5945467414369,50.12991872246931,20.62521138361526,2.712809912893793
30.391651592412856,64.20893707513409,42.18626114537835,39.1859373188026,0.7389838665172535
17.623765331810752,581.9714019143988,50.42171726010982,89.56747776187787,0.9550676478801402
31.605195120877582,268.99340443509766,74.17157590111094,20.431638339897027,1.247359778544767
41.73145395281511,797.5591006371882,62.13464017105921,50.780506395877914,3.5334188579359207
18.78226841138615,310.36195892357375,82.47663029683923,41.9271661166022,0.39578074432072347
28.994900613820892,455.2201490818012,51.03660100654314,1.8124041045729733,2.7085673258167495
38.68907294205479,11.620539908100636,62.49627051031278,79.27581135728128,0.0
35.000752679363515,72.44688779455888,64.19152871643921,6.904590631459973,1.3434592365304145
33.81942500687224,392.49355640668483,61.41880136144279,47.42550209769536,1.3430450695923357
33.96707026765195,479.9388347171235,69.18436411598614,56.06782949389499,2.017696818725501
24.706261082933388,600.0205481193037,36.620342786236435,62.842645661458704,2.062852674731671
22.92697979514132,291.66257870930326,55.86546442820534,68.86316293078755,0.6539878112152557
36.85275119791987,694.9818861265426,27.295736196584336,25.327238352271507,3.9319026408490245
36.87306165633788,860.1223971892045,46.91579293513688,0.9978776658449373,5.015291780452598
38.4109526016628,779.8509888933498,54.13669480348851,72.3443662354912,3.1450063752018558
39.65749491902473,39.61882534835715,65.65569816818308,53.56565993475786,0.6827250182082267
28.80624476924532,480.5069472578289,86.53717368103425,83.61177032072487,0.9291830114722979
28.54093995655439,104.93017841817488,62.04557465838491,82.13883629006943,0.0
36.55396983210293,242.04501586252746,72.05157413235918,84.33261677878832,0.8431974222452746
32.549026130999664,986.6625932671465,55.43862416466419,48.50946599795402,4.227333542468825
33.95310568595799,142.49554290151323,64.3872821963432,33.362839583686565,1.0712567264676718
36.48640207477473,498.88815345135606,24.965255129364138,79.155820259137,1.7318428777601123
39.03014422907429,618.1557343181191,37.807410658929285,45.12941130292549,2.88580629258568
24.125869234991466,702.464970544104,45.32971652435971,18.34421964034345,3.254514882303894
25.140739721278486,559.6486834869141,53.07453485045595,85.49740195614743,1.2840425719377206
17.537512375703464,9.77084741918366,23.195412185166862,88.25598767723473,0.0
30.6135638068967,326.4613082439919,29.801686828732237,46.63097561401701,1.634083582675552
15.970441392512036,517.7116433847115,39.37700154539141,7.569972730978747,2.641924558699678
27.571146489576424,87.86649914483336,88.00728836307354,38.782608991693124,0.21337875250361665
29.651405137104568,350.6269312091808,43.19429049721356,80.35376594626034,0.6178580558440616
22.73661380746368,33.20310879136657,53.742874067845776,90.17740285462287,0.0
30.95249803536329,78.57849715502074,33.726839891687504,20.347274249759582,0.9567317103056688
15.823506748354335,396.9232762015961,62.75460497530378,6.697361202527152,1.539835185138808
16.008401096228788,132.71575404306034,39.6478250861182,87.73504531328386,0.0
37.21021513781078,567.5408482615582,34.48948049068987,38.94049389788753,2.911440350551321
24.7251473181041,689.4649691372657,56.160083991218535,54.176096426756324,2.0979673996122767
18.43063384160089,800.5866991090828,20.385405941229457,96.80658120507589,1.958361868698926
29.100568021479717,200.1502442448101,20.53648228544577,6.656472791422285,1.8050135720008607
35.78982593366249,167.48258225906974,35.33481663713005,64.83180074520956,0.22354770644345823
20.827167742414765,104.56784033440026,22.57049537505748,7.410542257486707,1.496308354458363
31.818042847113006,636.4302495436367,27.561802789148395,37.54689284665004,3.3278211865490475
17.304381554831735,706.4757264869012,43.72024545371261,80.38145451934467,1.5710302937801723
16.39540647155241,31.586144825642037,76.1809975705869,43.34722327556344,0.0
29.346575052339993,936.2122462436898,60.04340503585106,99.71823539029504,2.383048109963835
29.597148283472876,51.97128365147241,55.88674081694915,55.905928494660216,0.34990114627901064
32.210607340451574,541.2963353010705,40.54421762456852,32.11621526359535,3.1074069656638907
34.60446601051186,709.0605194509164,85.22276036029714,22.011132590475313,3.305353868566086
41.348006145488434,870.9691237460856,47.79105288660342,35.05205342861618,4.577031333657475
28.940109404132272,714.0869321324278,26.096493675704004,37.25332737595508,3.332379070246968
23.71982476941364,801.7280830697919,63.19465612824609,6.8713677723960975,3.3561845662442806
36.470027258754996,339.45019254280606,27.968687543362098,36.95741994267732,2.0801021850290753
22.312470784076005,814.8251137465122,44.165619996118444,46.423851973922496,3.0311763481046063
26.852228359052177,80.11484638467515,55.51883571024662,72.27377522388046,0.0
17.118322296241182,894.8166560605276,81.1955767279623,65.6729484721608,2.2660373468443233
15.684470072217353,547.5923761537363,54.548260623808304,70.87656552291543,0.9932991800275981
40.99150719630398,817.2977699624937,69.15811362221649,0.8363681876857099,4.594282240116201
37.571463253829556,452.3182845183001,89.49717872993493,21.766739958053606,2.3679914124037538
33.79130356452984,643.5776951965249,29.204238392858713,66.16842883998565,2.436343985004972
26.041729499185287,526.4026609361132,39.231206786366364,48.398936817974715,1.9040030846549723
19.678946641912837,731.5895217553318,47.62032529183524,0.5313475668345946,3.1665583617219313
19.223800152119324,81.62998203058957,49.527972497718196,80.44946424318223,0.0
21.756558250444073,60.3520839905638,48.771475268588205,77.28095732903374,0.0
29.82911994706525,247.10323401014645,83.53277017895884,54.841916299356264,0.7784209742805195
34.29408991290168,159.54468011318835,69.98228511267996,6.646332577627212,1.7974035928710625
32.82532917137874,871.7835665922017,62.553364986349266,76.65150495325847,2.909400858612558
22.558215217540457,219.2139873580443,41.65609025039475,58.37135877313639,0.0
40.781362577906236,975.8652558191313,77.66532689549064,78.19599771579591,3.529693816507555
34.92321675078575,336.8957917711069,86.85423580394922,75.17469923958404,0.7088708295347779
29.96755941780782,182.11791568869927,77.48387977851586,80.30020719578371,0.0
31.51646014832751,789.6985071424791,20.109557363403102,51.80080664046248,3.3944616507813627
26.329201685550327,658.7077755008761,64.54809591283849,14.032451819351499,3.331200230538277
21.688736716531253,498.19571645313897,23.57947670094705,67.11574733796887,1.632095420330619
24.611262323584064,555.3635509376312,38.03250542336053,62.04737850519706,1.6458318727165615
35.46184498253797,719.2017782722638,24.16672902434402,74.22531871990871,2.604205863655253
15.388624193003409,228.45474133129872,62.265681706457144,16.98810060507353,0.6554278822873691
18.13396129368674,996.3339160567419,68.06129394448247,19.497519990028923,3.778779033795814
16.242071334587322,974.7931621467832,28.01413466461336,89.04095172193284,2.749555671704371
16.099677662612194,650.3256863469369,46.86872181314857,74.99777984520708,1.330580470969198
38.097435768297196,199.54245092914513,51.93655562688794,90.82284887003229,0.4695189735342877
33.99876220326064,680.2282424312913,45.83371152326416,75.87153211639207,2.83211413033976
27.80269338535778,72.19840897917584,28.471750033963513,59.71553059903019,0.36300039735320616
17.64152233757704,30.652502205806066,49.326345313123284,65.41327370278736,0.0
28.273628628154473,257.68288851121366,72.58246334658926,88.91279239400099,0.0
27.783737811075273,462.6229567393163,24.970536517327883,57.88067545119405,1.7610252164778946
19.67645048757041,868.2725054083805,25.61260098573324,63.239132432838744,3.1721320699883644
26.71399452942527,727.169069766308,44.833990428518895,15.647671600360058,3.3576199800538453
25.759627828729084,742.706521199981,85.92079981332475,47.39212201161027,2.460801579670922
31.627952647409845,425.49333444807536,66.80008527060399,71.6397111958099,1.192815473916773
32.147528573426385,345.9349925469629,67.50689696707954,27.09426983163654,1.6738051939933383
16.2232082638452,371.0387629846027,45.33439935865054,20.22541805245349,1.1629700009182757
25.114540594914722,987.6495637360579,61.55625538459769,31.382680822441557,4.027704015118694
31.898217724284383,40.10919141248248,20.709182881942038,24.150062799283344,1.0530537726879852
28.584678981662368,867.0314961224485,64.52672324866796,21.491263703639586,3.922315520900755
38.1252257120847,578.6754085723934,83.93008633033656,42.48508428680869,2.4252403095664365
32.78472805371152,438.61541918959045,62.88014278413734,90.78385138835341,1.1933838835981057
19.3992295311986,725.2576604151365,81.15890154264414,50.705964673871826,1.8699290530742292
16.905356179811605,486.66894142470284,70.67811388262658,18.792038081532304,2.0517297310360583
32.34532051157052,873.4232380816605,28.43908914825832,7.697166938087408,4.3230974456951845
15.715805384623788,900.7018640112585,83.17173151000893,69.61561451379252,2.251522132811662
30.815940694383507,421.7209268734554,24.65106910490424,38.279876443638784,2.310658658796504
40.38621651847386,276.82779723505155,57.377723078343465,82.18309465853592,0.7500714773215695
30.537802802648734,592.3503285933622,29.949598665542037,65.95107686407702,2.3626527181411277
25.48058800757609,912.3633456166909,20.819462751163286,79.62414505413685,3.378708988203231
32.368781897943535,210.6621890056666,49.54239820893473,27.194603941844875,0.9784080221227853
27.37282804327095,622.9665835634828,40.652849535790935,69.2358922461058,2.1698103576356162
29.731653311530245,631.5602200925206,54.02003456583221,26.406198469371876,2.4458450668348193
40.41954983696618,733.113022415281,60.40399207141856,93.90684794502916,2.278119741190023
25.424771220620904,131.5676851272598,23.061735061626315,63.63742815333744,0.6199766608372617
40.95214522324568,715.8249646820885,28.610230658662196,32.451180017534206,3.859424806274921
39.44446733281372,909.032520665641,59.10496775152978,26.951186229227265,4.243504054321612
20.286360639311006,179.68310887024197,44.021714722086074,19.09265850716435,0.8713926042854341
16.872755123629467,237.54332492387763,71.04214412846136,69.46409588937279,0.10768896443762499
17.72100603719052,971.3950940416396,65.66041540143578,21.87156129979273,3.311258848574667
15.491989292591843,180.97695270948978,79.19230540929348,59.53032659274891,0.0
17.549959940410066,854.3850933695792,68.47449786684578,26.463502692535734,3.380509674615573
33.441182882241634,492.2778564480348,50.09517541731037,66.19689447938686,2.187821394850927
16.922093508426183,247.23107440317705,67.10766356761027,81.49397285405392,0.0
23.612342017931553,870.7499012725114,39.276682197879296,77.80252431446532,2.4669888572131953
37.811633396175274,445.3052550026655,41.44194491447489,76.08513309307817,2.154849279174946
15.628342264867298,514.8173539296902,75.22896119445554,18.772240569225207,2.0318405839829055
36.99064902990126,359.2333693997657,51.24936614811075,8.838494698451871,2.7329917711964273
22.610078918881797,592.9508514349275,75.88662383628468,69.89488284873856,1.1830629865586986
18.19045034578472,163.52387258502276,77.56956615677949,36.83472137943513,0.04142205030522202
33.81190346483207,391.0815366517607,80.02936363628987,43.23462264033473,1.5578632144700872
31.981456863056867,969.4123223352875,84.16446650888452,3.1149092793391064,4.638949542741482
38.691744365230434,258.13343270112756,50.16896543593074,25.95764492750492,2.2364786837828934
34.84691818270491,656.7366645412922,42.32067728247972,3.3676403874464023,4.05461639495417
36.69398512039091,325.1900642246949,60.75391226158797,87.91857726012476,0.5540736297029984
22.614933459425274,773.4731256866006,45.98206964063393,24.339668321853047,3.5533244028781734
19.790867682052514,130.87366071834984,62.07519167601631,55.73371695730081,0.0
35.26659829430318,969.8210450785447,69.39101038506772,3.897932066113041,5.008158509028183
36.78453796021613,453.78954138363923,68.18835129444957,66.6847391305658,1.932114939845272
41.74363883401818,236.05046334646397,46.218702091408495,32.30273457540939,1.7008260327617815
26.140677276608514,73.49674733001265,31.680214118912698,89.79191869576658,0.0
25.044488316405143,169.75790508754073,50.13705369235453,88.81181889340358,0.0
35.963149940033915,519.7739485560177,29.98159008573361,32.529061836174776,2.6132842685718436
24.201695586831484,337.0031764312863,82.30679246286658,90.09608956904678,0.002449764578101657
40.13044779129625,828.8833658826095,44.21142225165002,99.61576734987788,3.389937593898077
38.17714429976132,430.8875236618059,30.812182305632664,82.5415664123948,1.3054386094299169
26.582838739125496,248.7142725876299,21.781343193402563,84.4871347755229,0.40998677765241687
35.27351883037043,617.14498660403,65.2075670400539,24.90087361090899,3.210271332330877
35.37265760028642,706.7772168854458,64.58316222183203,57.67023988577563,2.821120967953508
17.78434445857018,167.04190790094987,43.84229166069042,6.725591396736785,0.9618244994875206
39.3689284803483,167.61921628831766,25.01983221933557,9.491793682166971,1.9390458206448258
28.641814056092144,36.671426933542975,48.674022642666245,99.88926120332906,0.0
37.31435158490902,736.4020150656405,41.78522465443755,32.663924942591095,3.58884209870863
23.641339227826517,663.804527621805,67.39844478145065,74.81839120488463,1.2289484589706365
39.17912716939741,474.63087574981387,62.404547461688324,80.66650530268164,1.8590227249013558
25.508445325822404,844.1704489691971,45.5215609738278,85.80232710072292,2.6725190743835805
15.292616589968056,805.6701529500532,35.25247879784931,99.76282974021565,1.6498622538860253
39.44531336332012,585.3543643967522,89.16251763089143,24.149648525686786,2.984879916571505
17.464740273225605,868.2712805132586,51.780113483728044,4.035082685969971,3.962682949700747
23.621468214941203,205.84121003676825,68.17919650461658,41.1191517994586,0.5451311812144121
40.65167311037173,111.91961939772787,29.838707730485254,13.008066982894695,2.102517227099015
40.66639296731401,269.7496115169896,53.991278976157844,2.2425889162055124,2.4680570861732
30.482822979328724,57.08685608931485,21.927570390862584,36.04268271414861,1.074755962846887
32.05960472858458,531.1695280010321,55.381858253731494,78.37382510752364,1.6705204089321066
27.108029093414636,936.6056922949615,87.48121849823916,56.61806912250709,3.133461045139219
22.916690835847742,39.34354066850965,46.89446990900602,31.277798921035405,0.0
23.87394272498773,122.1099140100268,22.72972088024381,65.43420054927196,0.2035467433619581
33.15799831408003,452.19902828343527,22.166905364354047,23.20181803088107,2.6145996310776907
35.31411229481736,933.8750175279049,47.159073196280865,1.4381446072085025,4.87319551543981
36.37263418059791,316.1561049767505,31.20174555242358,76.43533864364274,1.0794567748765833
36.31968985545296,507.23480868839243,21.634646742973015,62.374308486400906,2.167844103988624
17.46256478231464,41.5728590503921,72.93495297651238,76.23026245009599,0.0
28.3493482269697,148.34320096208887,52.096610621732346,3.893801668766561,1.6782658880018668
16.554086520449395,986.6301229588469,40.24713403808582,83.71196278306522,3.0815877222445467
29.83727982274086,965.1186964360455,83.00582281115365,61.95262000363033,3.0386491447859694
26.92132353708118,4.939980934409616,28.12972721403679,56.33953507126401,0.0
38.96801293447409,951.8117854232389,86.91431802687235,62.46140481145316,3.3785749868780544
24.474705338906126,639.1199378155004,41.977670216414694,86.4433246868364,1.49243284686702
18.160809443545357,867.9182945200221,82.18825706160769,58.69365065589071,2.200332669840151
18.860775415426566,454.7398556338591,62.20600135356231,58.095037988817936,1.2259542212830956
35.56078705637175,515.5960285792503,77.86951518190412,99.06791570657658,1.0011240655646634
31.69188770953905,488.84658025692016,88.8809214247325,75.6730167068568,1.3513870248589757
17.730312255315337,666.8642575461043,40.1883806473122,44.22938054511353,2.3883254034924954
17.27088376510493,139.6512547563129,87.2794839785315,70.73970000329277,0.0
33.92616654939624,29.97358987267795,47.263732643169426,38.92304716917885,0.26921557251730804
16.964601171833227,307.9299415911909,46.98583333158456,22.8875462483499,1.4041872146309413
37.19022160083962,704.6807627366467,43.8270972978154,59.68518768877594,3.2755475783150407
34.0685401332254,201.85345212294837,57.89853251433097,92.81820981139515,0.0
17.196417077331294,673.4324333249173,30.790153022494096,92.91395200154628,1.588796684204999
17.29061828030018,969.9120461072705,58.759803975060784,34.19052781054903,3.539999495087748
41.639268619531734,93.90071578941838,57.91933686870028,52.7677466221695,0.7775227410131861
25.10531148541525,672.6021182251263,73.3331268823409,21.16358985698612,2.6242838838137366
25.007337970806056,443.75021930457115,78.35549733563099,99.56311094988834,0.10672869311467334
36.94558831595257,868.1422543775053,50.83089452186968,98.11179078679358,3.2592660915102667
40.57571158936419,177.1497894473859,41.16332745460456,64.95089297074473,1.0268701670883094
41.62202872321751,692.6259522261645,38.153442812196616,80.44140596774734,3.017668697894912
35.341211001991425,838.1152896481102,33.623668569341035,71.51001612837,3.194904824097691
25.159008809334725,944.6142194740232,24.035330753931742,59.31582190394682,3.4537669835002474
17.254519350864058,683.2480282896458,43.97135851842994,5.3347996988897695,3.26570546338968
35.98296673004079,497.1747640084273,38.917338449154826,45.476434255266106,2.219230080628572
30.076914742866734,617.8472402012138,87.64921701064851,67.47863021674105,1.6661271699258315
26.453994249668362,868.9049844787182,59.03961783750307,67.75316138836847,2.8596657264703373
39.471568397557874,570.6097466388297,44.30939273213553,37.31226184223836,3.088952762635101
18.002332022266085,30.38705969683686,60.63273206955872,94.16919866580305,0.0
28.300877815853198,930.9486955069777,29.743769094198683,16.7357032236781,4.5858508736242065
15.306548408720316,689.5267510315612,51.08306244415421,50.03594462155606,2.150456058853159
27.65383733384141,676.5133857772465,63.83640249947447,69.08839765508228,2.215540940796532
16.52018844340961,215.67515239771717,54.222848225471594,69.71358058918092,0.0
18.208083739237942,658.8854702326572,48.12451604580269,64.86389567688155,1.7105919743111084
18.173208662981832,393.8644056541585,89.56938722297888,27.528821345186017,1.2768003290076038
32.52867815713371,651.2329770414921,81.62203335042489,15.620656868662197,3.281661782659936
35.14321174016643,106.59303030799072,63.63841707116081,63.594032682671084,0.0006959935790419869
30.75095665762331,657.8453046030361,59.85641528275979,59.930211613943776,2.442056646257277
40.97865880881263,999.4137257706666,63.44623358772088,17.935601028924097,4.6577684371926455
25.12150564714001,48.21203886055603,34.091847547570325,70.51391455705634,0.0
22.71422632961024,977.1741842213173,47.659642028502304,45.51719917336564,4.037021052962642
38.45217646111543,406.9079607228706,22.762167302362954,66.7760591603153,1.7975192662635209
21.03708764002522,870.7534503372591,53.28822262407787,83.73670797701507,2.1603871884709007
41.00700856489651,782.3854840582735,58.011720877036424,16.972842857692317,4.413124254868282
15.328170816625041,567.0162609866678,35.94248152722467,1.9144867996836679,2.3281987304700738
41.18672832110626,738.4492092513265,87.48201930158596,77.91025863957867,2.4535568812761785
16.165317622665555,878.5155613013479,83.66182276560694,60.96974251526159,2.385603275893719
39.06086406984792,404.140321651033,70.55002648191342,69.96395696221217,1.3379679164952702
29.247929945330096,327.0331615632387,57.33706401357538,83.81549749886426,0.47365455596422623
41.81004949522111,667.5933855635847,80.89784117533794,80.28109348245005,2.4951128776760214
16.99250724785577,807.8459419412586,29.145664067642404,96.09201469288247,1.9520214123310615
29.95406567883566,762.2851347766158,75.33568559924194,53.59350788521182,2.7749804886106713
41.17116846171567,797.8136488586345,28.73745697767938,48.84956326599054,3.9176227275697095
29.123641792594018,435.583314812933,75.59474637845838,40.18871998907301,1.7128057083691801
31.99376322965209,817.8342161750217,39.30372977759499,15.369104284420454,4.1458591066983805
33.78521460258466,120.20905537060844,81.39634067127322,57.26072328820224,0.3024802011200467
27.272608748729876,544.4890979608496,86.08294656777785,27.70125243259788,2.0273459099265603
31.944068162269712,5.7586604981215705,30.415717858358093,92.13075122129754,0.0
30.776486421923707,324.5858299002703,52.387292354577546,58.31908042770976,0.9489215500868933
39.3312662832567,366.4615348713979,88.66911647138795,59.284018050811014,1.3530364059170794
16.227052269219364,396.17269160925537,53.83852051812026,35.492466087701004,0.9856086802369981
22.58600611899022,695.4672066898622,80.44832657601816,5.198935197770749,2.779897872960965
40.66111007006708,388.55810127034573,61.21120654919239,3.174376537298862,2.963420541917914
39.03712216505474,448.69362262253065,46.27309355437213,42.33351441531975,2.479777330064275
27.30273232521425,237.54413087432746,40.00484888681092,8.456537809723786,1.9027086416851522
31.74358014064149,373.25179162934006,34.22561637602611,60.68469555401391,1.4380109847938756
22.48929194049058,227.26962726315148,73.32587339643881,88.09730056396575,0.0
20.079271312541557,73.19592376844363,47.05783547761195,88.29148165187222,0.0
27.51985693337952,603.4485933813779,55.78928235405258,65.90454101322324,2.0027583379558163
24.540510156703427,668.2127985550162,54.46278360008274,21.1231831472931,2.7676544665481186
30.758715019973547,619.4903460096145,60.409532046319185,86.29968313588721,1.7156808483104375
17.09883519805459,463.49404380057234,80.59040019371866,88.60934353132082,0.203655121752348
41.3086598069865,379.7857801792298,88.65175405084005,19.66535849529587,2.3061870940335147
41.62769010094928,863.3336495718253,48.53089460016719,73.74260857706773,3.157262454117522
33.850366278533116,519.0817851362181,77.92632454744121,28.651954892712293,2.4486410359375665
29.47460189129125,479.181877629731,73.51694562583023,80.26403123529296,1.4925137319987736
23.35724563973085,25.64206580643569,60.147026601890126,99.72378999036027,0.0
36.97246553208761,341.2478276261564,86.92330005283532,3.0026005329392813,2.138714156350803
33.48774165895474,380.19561878585705,34.0332160869882,89.73658657909318,1.134775377581699
19.390657362312066,398.8227808969005,27.6484947216735,62.26305335986581,1.1055536193824687
39.59503398133374,580.1723692273323,79.77733768687955,97.33826191648211,1.7944495938608611
37.208505558925566,533.6025467268785,50.74048716436238,46.50095175264276,2.3058379269755354
40.64459765888195,607.9050927934446,79.28781979449423,84.73879305713737,2.122472245545185
34.59442672648572,764.8832615421283,82.51631436367904,6.239406859827723,3.957387513909748
31.562210290266325,812.9857387160935,24.372031553335,33.527905007829574,3.8873457462996397
26.29256197984671,718.1230762264944,81.84253340902424,6.701653775120997,3.302399457889989
40.18366905055836,955.5236959549347,51.38233387585955,97.53431334790706,3.5726601269505918
38.38372501651102,18.23258267636163,55.73027423029625,81.69739072718367,0.0
16.220904092867116,195.7779856835461,63.86147577652471,85.25474212459704,0.0
15.711908311425804,7.56287497814212,84.84678247110607,93.79652314338942,0.0
25.16451090570734,647.474714154603,21.33812661008348,8.510348611978536,3.4515984425568695
36.884939931109486,898.030548949987,53.3790427822472,38.55975925133334,4.145958399109387
41.6564554915035,243.48229657629926,68.14054297013925,7.103488904400212,2.247916151291314
19.061256059795262,927.0345447963066,70.589487038876,21.07931015500286,3.5036713109265203
31.04152931450765,60.26739028956085,68.47727020759756,22.936577703767234,0.8879832701537186
25.28405312903758,934.4360268055143,29.41045905856853,46.91072110475787,3.752884159023252
41.18768874099429,351.6226872396344,40.95769118601768,26.856216745364257,2.2952647135641566
37.73721092466413,101.42082844921651,45.110086779190944,10.09781068177611,1.5607808074086953
37.63487502720072,485.8717591863256,76.31060453756535,16.749108909410772,2.7628815079035647
27.654715314464198,256.77656772050796,39.51319106901871,14.727556355209092,1.966001955670283
26.20012656311696,284.8729019619228,34.74934747070422,97.30767979122983,0.2764698024616675
22.381990942129068,307.2899649262866,87.02136133266673,75.92925069184736,0.0
16.52213840957503,803.0258978326634,20.62042995794282,96.7761465269562,2.3935212650266315
38.34750415888644,539.1612766752545,89.84745989773847,43.974048650790856,2.349019804847734
36.94832724651209,311.30769915600365,67.37749092001769,27.83684816626566,2.117213434023932
41.992377178725526,610.3337833109184,77.9928509614382,79.82931972091866,2.134096201431749
41.90919460099545,716.1506742231936,40.62335774423352,32.62539180411468,4.00799286235901
29.99665605127094,272.62400073353376,21.0020694366942,29.93833737053483,1.9494350646237246
35.762660209873786,413.5491015253515,71.6508662993071,23.25059922078312,2.504447711537213
40.50867470682556,121.88609333694755,78.3901217900473,12.967897822423534,1.6811925954157698
37.940479548290114,181.1493495346803,71.83332923674634,25.646306101676597,1.5648013611668272
21.678398747066336,681.1178539649828,29.9995201110587,35.53197484738877,2.734739308916064
27.164691653372525,181.43834769562693,72.73995455798783,67.39942081457303,0.0
18.487304209090365,525.1633836670602,73.82459474753486,6.256484221945158,2.2281646152733465
40.7593777359855,709.0462617224326,66.09783609690385,21.050693966534297,3.978787307857495
31.366715130173763,106.87692309474383,73.62811529569103,80.90236402916764,0.0
21.173355748593494,567.3122196289036,79.21450077744126,14.692192358377076,2.4549622041462125
33.13591847895813,256.56278370136374,62.95228799662209,34.26451465225215,1.6587572348393333
31.689462492363187,962.9268752375798,26.202329977877532,86.46589218581401,3.2615752982587396
24.670393386886694,483.5456467199247,54.13394667670476,15.492531114344265,2.1491280264108448
18.066054989389983,805.9925497751581,25.435453427012355,8.27368356181899,3.679369731282561
33.132476281005594,550.2265421562618,48.52801217227016,48.45379950800108,2.464696404430443
29.04830792440242,43.41253285481916,48.497454238793935,30.24195112785364,0.43133855994097525
35.85259657686226,633.1513755940224,24.62068908981691,56.34083644838541,3.2226522471267542
29.044414530023822,951.403342206657,44.41743737786355,80.38048904834751,3.2908633128859237
38.00890050860058,601.6118201463312,27.769866915392036,13.714848815274316,3.7627860702040947
29.901484646911108,819.1888594267903,76.57646470064554,58.0699084554285,2.5574849491639857
30.14532523145543,884.2064633484079,86.33816181751295,50.550876038986395,2.9065298127260446
38.66964727177532,228.0797719489325,25.062153268055702,14.407878601319958,2.363224196733901
25.89403738773472,212.04483990822663,86.8580645104191,62.39984855289824,0.0
18.6184111681673,610.9809888509917,56.58036195357216,27.364041786077166,2.4642875404838813
15.777132260460153,411.0284698067047,40.96959745677117,48.78343185440125,1.0159751117196258
35.38870590318771,839.8613028667204,25.380345269331446,8.227232427706188,5.359150999297777
31.748357886543545,900.0231233980112,55.043698764929246,45.958405721362304,4.179488535965905
34.01015373867904,353.4213793027181,75.61608811435241,30.646346804282032,1.7088155730661565
20.75003236074059,236.87055897448207,69.49605340866887,82.23812111853543,0.0
18.682029840842784,780.5255152438618,23.515820802478164,5.697872699736828,3.9062041937984744
15.392705973032813,274.8060355481361,25.103128475753245,41.860727491832996,1.1212481282336002
24.46586408777812,822.6143185136784,48.201129784284596,45.8431424131438,2.7872705208506945
30.927777545075095,423.73825364876285,40.67033458335603,72.50060762991187,1.0273513003460715
25.590589217692774,667.5498992914704,36.26690261392335,57.428757509021096,2.314077920619989
26.811822894640684,95.53531383466817,39.67031492360995,66.72123371941811,0.10815209308101821
39.41228475133121,623.859324676573,76.24379203078192,77.7049285651756,2.2488897627630404
24.402897609629107,451.7676787372291,85.04596375422977,86.22029736581888,0.6663043015684664
28.87771620731489,586.6084631754741,48.35718861692965,31.38754967224705,2.4390572777803414
36.158631344010864,168.01420774486343,83.42777014927479,53.802270536390296,0.10643651336566784
25.706655122674295,736.8737449441821,42.50469908735174,84.01080784391999,2.299167427218955
31.796340906152583,862.7970775432285,53.350589044065416,98.94511309650565,2.362957948516729
38.28382013616212,216.73980009077565,35.82202984711998,88.95193110437631,0.2401937137347548
40.63705683875634,95.71455552016172,64.83332295230908,37.14672626243768,1.0524560584384957
18.970983985084025,23.638586046336396,88.52867806223662,19.516651721865042,0.0
40.01786587936035,641.971500443266,62.244516723036504,48.93925374065887,2.9431376272732837
28.28713991314753,607.0940360887807,45.04698588794842,74.16414518360422,1.8174107002244335
21.972598484071874,546.69741271407,65.34722121933699,49.25690707532976,1.6149367749307275
27.396665418433056,231.94709611597543,28.60444749257713,48.31808633136685,0.9710989013522897
41.46087953270788,390.90599590551466,82.2061356185779,83.82304210818006,0.868536339520039
28.30068853780748,594.4763351861731,55.21587655458855,36.14037790671863,2.3750373085567213
23.876293477762722,496.76685885916936,51.45448194277495,85.97946748116456,1.0510039212765359
32.101823066551596,987.7855202148874,61.01053519174634,40.680480095172356,4.196853988641519
21.483931707011212,136.43975255673314,63.73487039525817,32.82331056783394,0.3597526414615967
17.048309858933926,695.1445540475938,25.024306435855912,45.3989911199699,2.2757411260084384
18.47975249158753,404.31876810429213,67.78320548563818,76.24469586748684,0.30223609236329296
18.457237651859856,428.19961492561475,36.935217622087066,12.600202786399429,1.5788911010580216
19.101372724831947,717.5977656581763,69.97668427546128,19.64192158720174,2.768549757152733
18.748333661534073,692.4361513243697,77.57743560689377,95.1444825663092,1.3142688225417742
32.303618109686795,991.2559937021883,76.27709552867643,17.54916273813574,4.171624243835193
19.91076227877691,128.39428945412524,58.67506771855224,56.77273179310546,0.0
24.33301664974431,104.10964938416633,56.41189246175258,57.931446666193786,0.0
39.21328706746232,724.3388171287412,30.00131729375882,48.96244620502448,3.8293260517355003
27.796964287097552,578.3869170064091,74.27423052821949,64.47452485768186,1.5815181566846521
33.02405894006773,274.16066655980586,38.99865663127001,22.982672579761843,1.7597555294814937
19.652636522444006,79.4193689889866,54.76867959725626,55.266226777674824,0.0
20.19180350783411,85.65824959643054,39.89918650492617,37.21732552468971,0.229572424095993
16.10345263919493,894.1908746641183,29.36798540997852,66.1667259629189,3.173336965286805
19.561246702948445,191.8673247187429,64.06903878242156,14.122354337314945,0.8778658518448145
22.52193915386288,323.37156211552076,23.803242437603267,57.08774168394763,1.0353401522634995
19.779283075472165,226.656402226988,72.405166388834,18.52703553833237,0.86541385017997
17.3949684114405,354.9963058319373,42.231075668278166,27.86430631150364,1.3079183601971995
18.257168519716224,69.42384274609337,20.009428510313974,21.87098003235832,0.3904370367678525
27.441026736883597,519.0597909082703,55.77903974660609,18.28377798688171,2.6894805264091075
20.571010396956396,67.6125635922149,23.279633596932218,82.5710951560667,0.0
24.83528624829804,800.3565078223616,39.33186904746296,28.570756766089033,3.4819791682946692
28.592266313081137,233.71208191043303,69.48835412190013,92.71237818644494,0.0
33.64066037299286,540.0119146045106,24.38827351353061,96.99265253451908,1.9190464776289495
16.06142777570967,880.0790875614582,78.75369446492016,57.126046993709735,2.526270403574542
36.58408077054415,650.8773690471942,20.267394586100817,14.30011226657264,3.833453156050063
31.95331051625451,532.9577865513353,37.277670844133155,37.45482433795813,2.8079884475539605
17.207493862619543,324.3337531153756,71.863283930645,79.7732263348214,0.0
38.58662285088299,333.00191305819794,42.138910481051475,36.739072869707044,1.948767534070078
39.863554814358956,669.4869551981901,27.132467164620948,8.701721830278874,4.073825829762864
16.64910491608132,994.1393612211675,45.216374316029956,55.678491092818795,2.889065415054443
22.4756964999745,661.8391898493786,38.927530046916786,84.51208514960348,1.7859330570186431
36.76743455441266,557.783417370025,78.98983315123884,79.59263871435024,1.3215253157336697
35.203011640358774,730.650510239246,41.93435423096002,17.512314013035322,3.667474034151464
19.982067522622188,465.20561228371815,75.2252730243205,67.27646144124667,0.34702626438213713
20.65243173009118,60.14234260078521,82.43105013675142,22.05042634356471,0.0
25.002746775367314,562.2968158779098,50.36721937035706,21.820753455217222,2.5291732474177158
28.082120600157577,957.6252845053803,83.69602006980745,87.40717733051852,2.584164178083683
31.69287883131799,175.30294235765965,46.4122637774235,24.966895274023017,1.1138796288077277
24.960668268383856,690.0048908206658,87.48548915430757,26.32473465180112,2.3722566414354294
27.488437335594995,200.9336886590565,26.250266716790104,0.06533907612995549,2.007221145434791
35.18171532961142,535.8276844730813,68.091348655227,87.06690341255177,1.3700345632278936
15.990446478046143,96.67644964671962,54.56698283198501,79.25948132091347,0.0
21.81579749728856,450.3709362581851,47.1354163818953,62.7328935090678,0.9892118486720152
34.26043881888292,756.1633288952461,64.28983151240206,75.02657639388423,2.630457962077642
39.17058461755438,347.5715242389821,69.26999641440318,15.20485674244918,2.612673836303845
28.815290937122985,664.9117244872181,20.305428875521635,45.832359458757544,3.097943126953211
29.367064102163525,795.4499607897292,31.68671621230391,35.121938734878086,3.548364347803196
17.893644306173954,927.1778194794526,69.91322354440231,9.37765262570165,3.768147999339637
27.080133904233275,234.64208185545354,66.64697895047445,48.61304852149241,0.6057112277928428
29.380666194285624,399.31591580930814,87.62332535900741,92.07396503426354,0.3501604556151147
21.5467035981377,152.41601333041743,73.2726453175548,4.005911905069448,0.8090323315219171
22.269567235633286,992.4835021583752,86.55408954119366,29.14609134937939,3.6020826068385627
25.18667240382481,927.0009679242953,69.1778351074365,20.754093620570345,3.902895939017485
15.541922339998612,539.9571302805596,40.863654604761024,23.81466536656963,1.853323044826776
23.696137470745814,842.0332943764213,27.375544557559955,90.84345518793752,2.25913973631063
20.709096188906706,520.9579772720422,74.7276704341455,46.806905423429015,1.1581633949572263
23.842428508803696,623.5856880027598,65.09044550331411,46.62994129398188,1.7829066756377037
18.233577559119784,89.12443211601662,23.373020867530737,76.05756424552823,0.0
39.04423657997717,755.2704204968079,45.20353261306848,15.44922040049258,4.24416627820638
31.026996245959314,127.71348363523482,86.97598708390004,48.72653541000508,0.039355664701426374
33.33576261690122,826.0676302525284,55.02808019971408,42.99852141210597,3.6635303144621334
36.30762344239814,782.0280876703858,50.291039521379325,59.69106905466561,3.253704496244857
28.457939371084546,708.7446977429764,52.03897236115058,99.95577032504386,1.3446697867261392
17.34684777836044,36.16038052476212,34.62179068036146,76.9448894082047,0.0
29.501876629100792,303.1283559453286,45.80950196053567,39.78657030174272,1.595940558714485
30.844710186563738,263.11256991084286,45.88692791910236,82.75530522740469,0.28193787026547024
35.12686580297691,360.1364074715191,23.664851413123067,17.070836331248017,2.7028619878577294
26.654807748201343,87.64274676383855,73.72973399625428,3.0463686308960125,0.7137870144031184
18.44466817548022,936.9578230310627,49.15531023327153,20.444837246427305,3.789148928986668
22.66194945656556,553.8022407123763,77.55259207714963,34.041155611425964,1.639057721286774
24.80322200276315,305.5243106580235,79.52436007839268,51.05807574595599,0.28723193656028967
32.43976551595323,396.98151707428343,34.839583828906065,61.51291405411998,1.5546967868007417
30.411014226060622,447.20254050483567,66.01474375190901,91.06057172144217,0.8032562121194731
24.614611599241847,600.5943333606173,53.05972629140872,50.98540095504577,2.0032666926666387
41.63591171741045,515.6794276964978,81.61097165450396,50.127564462572934,2.089046179215504
31.355920122635954,919.3919732144174,35.10184754235179,5.024300982298213,4.7138795914937575
21.40512337687185,496.96348290583023,67.4469240217031,3.491155265622381,2.3676767054535817
17.7481267607509,992.1580148233127,62.54264855769058,55.11599619163721,3.1193133818966383
19.127196757976964,851.4249577450958,40.671103430028296,43.81786132483445,3.115491614202102
21.640858666381718,208.5105143573358,29.562063255582082,83.91803949802986,0.0
19.338397078008004,930.5952146439163,65.61478323340936,16.067958471184518,3.946137293661513
20.037309649385257,116.36639788547609,71.70182206926314,2.49716621170496,0.4651348617734806
22.69756955473387,817.4497084911916,42.0939140634345,44.903876793012586,3.1831726946242065
19.68108707295838,380.6232934765801,65.13828228156197,23.74785567522575,1.6165858098260968
39.21266646491348,877.9743204450696,47.65916353280523,4.961437333883745,4.992891841570004
17.16631113286434,868.0566901074503,69.92448182978325,72.4598286847629,2.1415960796669613
29.161807518396877,805.9254001176212,33.94506924258371,11.159299995724748,4.013495874717401
26.08071432872086,790.0304363070613,82.3150501845322,60.83195000077717,2.631585490012674
41.52422265653237,304.67913909804076,40.118671752590586,28.104975016688915,2.0470464863067632
18.025050358537413,80.91928305125218,45.7450191429307,17.3496050355022,0.22646250591659955
25.742101174235025,402.98017876516144,24.066436645624485,37.97515229193175,1.8193468083791728
41.17570169843496,173.52451498650868,27.805854862489348,80.14457762229537,1.1194637952993816
38.368692399137466,694.9510889024617,56.11033318986297,39.20935769045727,3.428902017067125
37.060945915630555,346.09972653778556,38.73148737095801,75.07696492110557,1.1549828780989295
21.963376330213375,975.6102008599149,78.4836158019536,12.548629679915068,3.90273932725551
19.613964859531777,640.972077345332,21.028537205846767,77.27714196650791,1.6658937121500321
33.05336693795964,822.4805636343609,46.536583407035536,23.693332490664865,3.861400319105066
40.093151706444814,132.52467274184843,43.61418827383649,67.73931298888728,0.9396060454848798
30.032598111376103,862.0144822726226,21.35293416423207,56.57815548409963,3.330246757482281
30.433542615687294,922.7571905133943,28.705787930035715,92.91447172116874,3.3891147502610846
22.559435528827674,487.0619188189359,48.95498724430447,38.732251797531404,1.977670481360379
35.7763091961823,606.2529377509775,54.50052091132127,6.616518883444044,3.7546639581516703
20.05018121105313,764.8098009029954,48.30028230784084,1.9155485551252904,3.4478465675786722
23.73933938291458,174.83862726041255,57.16563748884657,82.6858560972753,0.0
26.486783842643256,502.5660764634424,61.659217243397705,52.473563766143215,1.3819096873241488
28.705480224480286,398.6630277723131,20.694667478948496,77.52440518349492,1.1675588624405226
21.545062775207168,146.37399216224912,52.486661161745275,23.44256000115147,0.767762265297503
18.100594267958495,367.5344222915314,87.44494686213118,34.50837455132337,1.0697630552725508
31.48674114592408,68.17230938549356,56.33225960906841,3.010387221131894,1.002064590964366
22.793024937486905,25.811906949486985,67.42795872212673,96.14923245741122,0.0
30.69343197841053,135.16628915482275,41.83047005418182,66.78679067008134,0.29103639754986793
19.16779331240346,963.1151115891738,74.17939647069338,93.32050877593062,1.9234881313128258
27.990782750080072,549.5295358950169,74.10450373132807,26.549640742907233,2.443889277264326
29.379914678892817,965.8221611532199,56.490723335789724,61.146361122566084,3.39965185639978
16.399235494205527,432.497878330132,88.32096762954495,67.84999682926379,0.2706656049146743
24.088315511235855,311.8161330852596,28.788515033385735,31.754970025758844,1.4383058826714217
18.629196277352303,506.1418628402441,21.18633654227067,84.81092350156301,0.89007772863069
16.71112420276473,439.51168863291014,73.91107482299671,94.71614629002478,0.0
41.72892627452852,105.66468426174391,76.50088761554179,88.48551176960044,0.0
23.70355381431752,640.8263146902062,28.414506038440337,73.90669759393725,1.9118323607578191
36.86661003807514,216.0381825095996,38.590798307102425,27.746467972495402,1.6209535650851543
21.875297678621624,619.5879548978296,21.228665435664023,28.161604210563173,2.8605028991110872
33.40057350004609,650.2010923981534,40.53160275463953,96.3360320446038,2.269519829854904
35.52615221702153,152.02485312864812,74.119931174307,1.0284495935692028,1.6506161663190404
31.082245996411796,61.34962711066816,56.25723693988053,71.60499732421445,0.004062135362394054
27.732557090854275,780.7615860684398,44.36669152178017,70.62461625552622,2.375470573457454
26.119704681976252,459.80042376932016,46.02175064344312,62.26895409497975,1.4711426287008211
24.419443196660872,58.16379550547579,20.09475380008277,99.01088460868658,0.0
40.097286894691294,994.8663171697672,40.98603692956651,31.187943576372522,4.655325387084138
37.426724010268686,57.78056099636664,65.25211191465513,33.997186379324816,0.6221193162740463
41.055726587995835,695.0352288585532,88.193611067145,7.893940294655555,4.031492195152157
18.356025034109706,983.6789252634136,79.29425788887296,44.27981365437375,3.363981266516864
34.73342183049839,239.1801042159256,21.651647525187038,26.10485262348481,2.0033789250779352
40.33519233416802,142.24936868719618,82.89924232723875,34.338670217764424,0.7634511518515237
19.893292786472824,121.3849394224289,74.82388893090382,83.45717902556277,0.0
16.795399218902993,303.2751475675955,74.62632864996863,93.54845135274957,0.0
35.010257530831595,101.04581101064669,52.05970313025,18.573307200518563,1.297740191187015
30.51077405585762,692.1613416941319,47.8603705068152,37.25089315534659,2.7018037846981757
37.72937697247335,62.291798130062695,41.204101018323485,92.8630562115394,0.0
18.773854168909818,509.4221281497897,24.598640126805606,6.180846068922263,2.5939623455684053
36.472217420217035,996.6968538529768,35.976475444558936,9.236052811137851,5.37317065765785
20.443937641289104,813.9702695060188,37.262254448461725,16.279098920622936,3.140647872971465
19.418710457374022,615.2194382310109,53.88539487971411,59.521283412687474,1.6701088636458827
19.43517654413681,306.2536207866117,72.32110846176857,15.047227100599747,1.2012274376993972
36.99351744624732,623.8958362916385,53.166687987856264,96.80763814507335,2.0473619724021326
32.9603249587974,527.0414639116516,24.049111461301244,44.671452725852035,2.760833451303911
29.122766468766223,426.08338389037146,87.04528606917427,50.15179603501664,1.403497341369483
24.68842307133457,130.71037674019948,85.99070233658786,24.66586158054065,0.24405030421044785
38.684414601953925,886.6042152404667,74.9632680203886,47.09602524347335,3.407483978561549
25.596017900411155,449.7846488213225,89.39295310949544,66.19136326370115,0.7825721425245903
37.04818486573258,194.62251182076506,58.113763296018405,75.11771369540428,0.7477337487431319
26.8566425313959,367.7593508772896,87.39378451772443,75.3868082709913,0.7108864249867696
25.177499594472504,414.12975252892704,25.292352843172555,57.789111269408835,1.6487980564789884
27.492354213079373,827.5378955668743,45.59765237829599,90.43597749938573,2.505941383711138
23.137202602431834,733.6143805614021,35.776688760473604,81.74078473061094,2.1746629998274383
35.18545326475878,769.3048936413398,33.708315889398904,75.70481146986255,2.8740891001599027
28.573450532496935,11.031264428647214,29.856206422487325,5.560552168046062,1.0370124180429172
21.26974276896407,416.1539981797615,63.56895490961976,0.6877962219649314,2.4124715627970197
39.28851347841335,481.3441516353236,74.69252990231135,21.244727719547296,2.5294708258895273
25.365062977076708,19.192276823056687,60.480887959425246,66.35235939134523,0.0
29.67592725007769,259.8132087450342,30.28738967117468,41.119748888254584,1.3333746921087712
39.47474699604277,760.289823122135,76.77866389534296,40.24062592993117,3.707383906557641
31.854425889677785,137.10970572899905,64.51682950146099,88.45868882296138,0.0
18.156247099125828,535.3101314525917,47.171599428889685,89.55628481318388,0.9033920304470132
40.37546733756383,215.20187201723752,67.18912068752441,90.91752640535857,0.24198509277520186
31.94811743292828,12.120774643893274,38.193348546998294,31.38780765150273,0.35314589333711216
24.042451595741326,241.20145759954147,44.16345459459474,69.10558127392618,0.3868890472429506
18.760345961911455,975.8737549100538,84.22400901923932,27.163318127436963,3.6579002227138484
36.438680110297994,801.5371118829896,40.33531539699943,19.060983307444978,4.0745213452092655
31.741964410069865,959.5766443210334,52.89917877105556,18.463245734736923,4.227344903290652
29.40344948336068,487.85404392636246,82.30987961772102,34.2107620863594,1.8959056591020949
39.13509974237586,109.73619867750351,69.54049451872692,42.99576197798217,0.8228925313264582
36.29212470306233,547.9594889736929,24.35422583152919,83.09491710550684,2.21066751613336
19.095221752784283,454.3773345599609,30.311213099527926,11.98910934727121,2.4192950222112524
23.416495830479803,844.357082739616,20.54891135403418,73.49258473948942,2.8610292778978255
21.709206774990577,98.08258078424458,64.16452531604143,53.14549141893053,0.14433624330633493
35.08654989946228,488.2411370217782,51.33713977872928,28.794534267599246,2.6628769088280078
15.905375737866043,150.04866469398425,29.399239563159288,49.281958453282456,0.04654657977061717
30.387021491525545,324.67592689006,87.05538847397393,29.994206977702266,1.0253032860221674
35.58638451499864,737.3570773877997,57.076180676193395,59.608195523830595,2.913289913999351
38.672672192567234,476.01812936876655,36.93253058790224,43.38439228552442,2.53341558643169
24.2362072153295,375.8882851457693,55.04224998082953,16.440552907887874,2.028190902639794
37.17394722614435,394.47627857003533,67.57342329145754,11.658307455569672,2.6201988183747607
17.987056897790595,459.44676840598663,25.336745258149513,54.66956820721302,1.1545072774611975
37.85421187683199,785.0165438370569,39.22926705335244,90.24130332861034,2.8701089093663037
18.442193882963526,892.0846889402344,76.48758436187956,34.395768655768556,3.1719634675207584
25.726756845129916,955.3346865039283,52.176540928186284,73.30001072226231,3.4255172364226665
36.526974876047944,786.9033862552951,58.26039994226064,65.8661354939767,3.2515363730042495
19.04777053841689,315.40689574801274,50.29712015466285,93.1554914309481,0.00010441060960064696
21.18978767128132,688.1347060865421,23.07299598501036,82.09810172991409,1.9513534123848817
34.500819346612786,437.6031240553919,31.602484587410913,56.660525890546296,2.1038805009518624
34.44098648674401,254.67062204605116,51.187914711932365,65.70304982341074,1.1646926490750982
32.31098608790303,840.8715794259226,34.64298257855495,89.83864665840349,2.5692773836492933
33.736608000611696,38.426348962324994,23.498532006177513,39.95187845869348,0.736625041200849
29.653559970385096,901.7619921354235,79.05547648362767,32.679470585777736,3.491068040757869
21.798574590487725,461.4774646247342,88.6834770414881,1.081108363519634,2.1032122740832735
24.333791824605825,637.2014768082804,75.52000117977175,82.65510741914642,1.6032377734129246
19.903138353638493,659.3539222057827,79.76494451932669,80.0980700403365,1.1135669031608437
39.528165156007965,895.1177407065363,36.938399122193175,10.445451810015138,4.500525319710421
30.751578458685252,636.6696821672073,87.24388828592399,57.68573811327003,1.9756598574735582
25.822988252618277,613.9335847600618,33.78479931173999,46.398169816688736,2.663767108623468
27.47415669839158,66.65204056068997,86.60008672532825,11.870909550911147,0.6444229194808097
40.57665016951901,518.408021945204,89.63735057761657,98.05682270607235,1.3305918859212695
19.140487884134167,150.16900081704165,69.8205964022234,21.469588746335543,0.374103998151034
30.828205464453525,737.4337687214855,88.68006122542754,6.723418009056115,3.214070228429264
28.65899432988058,512.2219208126745,59.86778456969726,59.48473795019096,1.796523659368829
31.509264356735493,680.2277792083534,38.16792482232633,73.88666771330327,2.270105370173935
15.488974963162693,41.67290060238427,50.589711996593465,3.2443446047186963,0.8071756851834544
38.54734554149209,84.79201604580322,61.54926547651502,65.87176387270222,0.4477088507095265
40.167193627057536,716.3233880626823,25.115709341891048,53.22918759514545,3.4417827277709963
30.258595956908643,72.08433599867337,63.56402852320723,10.326500887504842,0.8368197893802308
33.80957224467609,71.2567277652586,88.68244857336062,17.252387694636205,0.7250444423457911
39.90748329178699,12.10847523488745,33.307535484860935,56.79742973160805,0.5268837316437787
34.09544312646176,956.5013982994801,75.48165814018682,29.63576135132884,4.406612696198555
19.118554158685058,737.5083594590069,83.55291556457335,93.8315728651316,1.2310837667707244
30.559785724503953,353.2514085020642,86.05911149741546,81.87402294840508,0.2965969985094926
31.381306252337108,296.53558128765525,87.2094923083813,98.3567206513663,0.2940664386874941
26.451528125164423,349.70322974584957,56.502174710503034,25.967083895041398,1.646887566539806
34.883994361867515,774.6535311811818,88.41155355940526,96.9723632797977,2.1730189768218757
40.2279093987634,661.3706110704144,73.01171449941072,43.12338697915579,2.9426477281536525
39.990349848482964,185.19556786746793,31.317000536587333,34.751879531375465,1.8047152934495423
27.172663027911568,174.10933533408434,53.3830074527579,5.034952696935324,1.4827633624942693
18.05742723770039,98.39564971339732,70.28318227604028,5.276525785960262,0.11016176383977011
41.59071237198303,660.3027197013381,37.31382210733584,69.20112559466547,3.366640786529965
37.65024833404022,764.3726622217359,64.84306284842211,45.79289944340279,3.6338433404211874
18.365892392488206,265.046428325004,66.66203353326335,22.65216260361057,0.779377682290384
39.86273083066905,20.94496103091281,31.38898206659961,61.39703063252326,0.31463200424947124
38.48720177567746,82.17166747642734,59.55597187169294,25.285811825011116,1.2212831262331412
29.008627542403946,967.8600348450304,74.01388376850254,57.76317543444226,3.4438087100093284
30.964436765113092,295.44477747742025,54.92269651751593,35.92087469826903,1.5334902787374418
25.77307300449352,769.2231478381336,20.84721817432752,82.3552226611819,2.548285085849115
16.478564248194846,624.6635688542638,20.63269283555045,82.06961607667793,1.5761114357989194
24.050325524439323,381.9396396528959,44.99205407790085,47.73503981224013,1.6151146376881
36.67704311214631,205.68726219555512,84.83358479022473,35.08191093350156,1.2202477788429866
15.125064621124277,121.38641815940643,36.007374572252616,36.25597965590946,0.0
24.00447763566089,615.0129680388666,64.40545822101811,80.57145256682179,1.6773046909343847
25.75055472695547,774.6337806377879,35.54531094853244,32.8179482797612,3.7023736965160348
29.509681279323917,643.9042535411306,42.5168992761684,20.9059373706846,3.8382246848577597
39.83610164314453,530.3021332491583,79.36294627210387,8.468834187530682,2.9253086620342876
24.351341847880953,41.951223431636265,71.02030095889629,46.66931208844084,0.0
24.367736451198148,968.4887775943838,26.677949411924743,48.213209891984185,3.444878500340713
34.9125336989632,798.7141916545746,50.00914146905035,84.09087104029072,2.869204447345983
27.20988440402479,292.82203670096476,22.041883455168513,22.123869644606398,1.759246079927931
21.064330219379514,979.9703293588507,53.66231026221063,38.099127366839994,4.059181337410463
27.215866935582724,601.8815896363221,66.37038081907477,80.8405738893691,1.3328814253425787
18.803139550254595,582.4226582072465,28.29518365187061,82.36236107489735,1.0018119447316103
19.76244863566803,748.0731794295322,40.221945723641596,38.46110759787682,2.7147207921670744
28.455929863965952,811.7697880901376,47.848563785150986,45.91240232866809,2.8780444068905493
26.310987136622792,656.4786073315026,84.36717172592348,30.328589084928293,2.6414401781008117
39.7008393288387,128.09574636620002,89.52785107960749,93.2554878419312,0.0
24.784635276149096,338.2675059944984,23.14379092969311,11.864376574158031,2.129267863241988
30.67588545750717,928.0836403260497,73.27055464467745,93.374942300147,2.2303620777586044
32.07113577382732,224.61561184385192,46.02068464816402,68.38664518353433,0.6100199250071187
15.353550327885008,372.16702383751334,47.472073036063605,53.15721526867312,1.047156207171112
32.915509044451184,432.076882944196,72.7985481342916,3.2659060784495875,2.6529089593745945
19.80697110548329,439.4049896944522,84.2898502501786,47.55961918220083,0.7811789069131838
40.94889857167529,612.9395824945256,86.56500161517839,40.774810500273226,2.8118163346168012
19.01389364933405,943.0758377447077,60.39858102268246,16.121881197512256,3.8001779736773527
26.19485134062964,240.69271183250495,44.99848115103519,65.6409603500657,0.6042354650185171
17.304441038123386,121.50137630091807,75.12843601011454,97.11509073682858,0.0
41.91560479984058,197.47048985993732,37.57009682836102,56.218881106452514,1.504097063788584
28.55926527894355,886.9249002092695,59.485182018346244,71.47532764439458,2.4104261653923458
31.075395467641183,645.8108126552061,45.10049230674112,6.845045256601678,3.4231302853306773
16.811064889487543,285.9067892391601,65.96417515955133,41.76669958169947,0.39154988971120586
35.2489327007778,815.9469389686172,36.82792390254548,11.635848516449588,4.5519035467731594
20.667451013580816,861.369996363436,33.4115062014378,61.27958355365104,2.9236719735807597
39.24746581489927,846.514338690278,84.2767360672806,93.84821582141547,2.347586357633703
20.538770293014196,918.9265336395545,27.126257806467585,66.17777324716386,2.9108279810375715
20.148568457918998,252.2410201733616,55.41705354144521,7.680304831442153,1.3483518734555828
15.986841031898562,755.0419287462782,35.45969480741063,35.466620498508284,2.739766940162858
27.74580751796998,460.53949727414,22.725097432796723,55.066337944085156,1.7850458098582396
30.25071059809064,841.9985528900615,22.52131728039985,40.320775613325225,3.7527342984918803
16.774133264565513,728.4906771616132,32.265524047407915,83.36440104751723,1.9019597098821623
35.93924565076529,776.4474464997246,80.67392481542001,81.46710047099891,2.3631322963891415
27.238798538196747,656.1618376810715,39.77351207839187,61.183102010322145,2.3475718678379467
29.15853727184466,177.42876946970688,86.5321419402707,37.345794513270526,0.989391949419052
26.90059416733216,545.0269188969384,60.71356050924355,25.533637376324414,2.1225925039586535
25.8206026436338,984.6697395245083,50.562993283813626,10.587431821312931,4.141961974700396
30.110288945321884,937.3880664971189,60.60621842686182,35.4897683486554,4.095927094972565
19.191486640129238,43.17373579701167,56.168886965838745,41.31725172077195,0.0
19.91205952337232,164.81481572943713,73.11433776301277,67.58229251040736,0.0
38.26821176736497,131.72877345456192,39.774724618099654,65.81598242975734,0.5700275117841299
40.54511747760809,725.9799099852955,44.713527412021165,7.0108139641256955,4.2918639322653585
25.07935153955333,817.785329856945,82.58660117732755,39.525931543115775,3.228431876189124
22.31010617487595,213.51136631067192,86.25195592052839,18.177886721736193,0.9038991720701014
32.38798766745343,505.852692951829,82.4790759240532,15.68127053168057,2.6768386876832397
26.035822619648602,840.7030280112,49.36135957701195,82.73021497372459,2.2331399366240894
15.685431602829311,732.8015447662506,74.62558521048172,4.191521671625753,2.6551607263585617
19.21612012888714,542.2372054918483,53.343501331076915,41.91828759021213,1.1901383313996527
34.331250178879735,590.347690458773,54.82778965022715,16.82036557665182,3.03139189852722
32.790946431574085,508.36054691628,34.32760763400988,87.9330215678474,1.7623936388239092
15.731591797594055,297.5484513188206,61.37912122809615,55.704051327503514,0.35229045947362747
20.993248372189633,565.0219928590161,33.029512842734356,23.1380636376848,2.472391336274082
21.239019507877927,688.8853020500907,43.20952893470356,50.24272871663764,2.3760822631708605
33.141104077165664,873.3229158608077,79.85211411339546,73.14863597031159,2.7510758982462464
15.532184519367831,636.2913539792481,34.495306644759864,95.81180089194338,1.1015373340792751
17.810931713583493,761.121537043158,24.981079962140296,22.044600424541894,3.3975055816356883
36.597734305076116,160.071634954573,24.830531482897143,88.61817721293451,0.12632703850234134
19.820705875467006,461.5574744197899,85.85491643521755,93.43041141674902,0.1700373363328239
32.62414491200062,9.331619827093295,55.484430657328424,91.64205445320663,0.0
21.430935088261617,246.678864521623,48.65884502719128,63.54143568619099,0.21782499071116623
17.68491760450232,726.4617151130049,76.76150067055428,62.982065443470766,1.9029765475262934
21.56564915698526,991.8099513493635,78.50781495373613,40.32106331838228,4.01695373623622
34.501207160102794,99.17809958721591,43.25337231809232,75.23978823037879,0.16357470996812604
38.10380463886972,401.49431586128827,68.55326402316567,53.12940183509319,1.8417082284561832
37.41593634330877,800.0709686991595,73.97859710963206,67.74380712282945,2.828807161676889
25.723955299698282,204.03563462889883,65.82554808061681,42.84579038487954,0.6234192475171605
33.03829868740745,555.0849493022862,30.611655236006957,73.14964640431391,2.195199576129631
20.534575976227167,733.0712960296748,81.311815846194,82.4471517604549,1.5359212573130478
22.914988717047358,615.985450260179,57.73661869152061,14.64362566028161,2.5355134728304742
39.20106710007023,188.02473461541612,39.77306984590026,83.2929715574228,0.6898345181228078
15.351051934789872,355.3845686857394,49.76597298063857,54.029653179030724,0.9032772658389785
17.30873033307064,783.7917844853972,22.629976327923515,84.46659090902243,2.1746992260383426
20.612928888942736,554.2265141320166,28.950676085569228,43.13017063410146,2.28783976525185
15.716369504593132,5.229613542912737,73.58827253611025,37.904048538303506,0.0
19.898756747424528,760.9907600280939,20.00081443287563,91.50607325172224,2.158751316005143
30.74212214618169,35.31135494023907,49.15960799376045,25.11692675484013,0.740270479678939
26.378462865997445,745.7337827312322,56.57571267599119,84.42123252861431,1.8574943509551558
39.102136199078316,202.48056016523742,23.82440940006806,48.40205725094041,1.6224480125551517
37.0709761669379,958.0734801193802,88.1154714080633,51.40954425512597,3.578157796953201
24.22906849584265,367.9407513020845,35.82877318747703,30.8468281489484,1.5814160801697736
22.0044327026449,326.9316163380791,41.293910374539664,57.30422006190157,0.8867902569596081
25.25169502051621,148.88805033244466,41.27597585785192,32.52111962762113,0.8544036559006722
30.93796344789981,305.60421549021487,36.1291663482145,3.926941424165231,2.091638049374975
22.237718302217658,876.6507618282005,20.1031675460418,27.199860534435604,4.08425723051113
31.852020511926618,996.3343376272474,71.05413558615975,0.6379043406590679,4.969040189090637
26.05411460916349,368.3095305068483,87.67918498594997,97.83547870568566,0.0
29.905273883003467,448.61063095454256,35.700543829953155,96.57472098197475,0.693689400739482
26.775416286653552,722.070938202737,66.41330342623957,39.5155297472305,2.7436300221203345
22.950575507631775,886.1957804650746,71.93274288711007,72.8370854339646,2.427054016919262
40.60823928797823,593.0443341867841,79.38977653633674,34.580609841042495,2.939707430372435
35.61735644231354,391.5256981778293,49.584043790952634,67.1093157085976,1.4363205305144024
18.78305574569422,412.6218408486237,41.205163394830045,80.54300430459791,0.1652370584899453
38.448635349243645,695.6181464968068,42.77065938161218,94.67562446922408,2.306015882588574
28.16064235273687,3.2182636042786816,69.88349331689591,40.0212275849672,0.0
39.15291012614047,619.5893374598406,77.17456265539452,78.32979829560477,2.224393468635157
36.59609191057751,355.4930104413574,32.71297774296219,26.59284506321188,2.253150023678236
26.480764620669305,794.1973312770842,45.96587057104357,99.03323037936484,2.396239177518583
15.60667132464317,92.99063982313216,83.1358137724405,2.5769598764351143,0.0
22.254288703393545,588.2022669483905,76.46854637863174,60.3528806501121,1.756013925735205
29.624123795843406,480.97288988612377,88.94008819337331,65.95059816513272,1.151821109924657
32.10391193530597,642.3255259052274,72.79737817774566,68.80455570741289,2.2423497789292055
21.96296750669646,64.85359448296835,47.523664071954556,12.038757878908902,0.6575112517807195
18.762613999966252,579.9837874281313,61.344648379624644,93.85297834731304,0.9954709061734249
37.54311639358107,561.4845879595238,66.27099779731242,18.11832790500828,3.020545242533297
41.5788588789959,560.660094416171,25.491907142198677,62.27534032398411,2.6014333586772485
29.193634922172517,603.4876665964548,58.114787137270554,22.267607912308495,3.1312332403297827
19.635340717904192,676.4679372263622,69.65245799308266,30.72164170212709,2.3539852416508618
22.35229781602296,804.9889996807698,31.712491280074225,54.645854172812435,2.971840587992078
15.496548266781602,269.82072012821436,74.64422021978899,41.719341856457646,0.5202316373338536
39.686067777133474,825.0494101800621,60.86409463598781,16.02256009765063,4.149017832845145
18.17927923803381,498.25568226345365,86.65552499883162,17.093640242084827,1.8126568156533436
30.565944838884846,77.05827913433116,22.96956087448242,41.814478816279966,0.6525662221185654
22.399490958554562,58.5509292439792,38.57282962888269,75.72829782755008,0.0
29.962806067926422,334.2383186960608,62.10877155098768,89.79646468477885,0.43253236205196827
32.588350485500335,784.8969771114675,40.759193854415145,8.412766225938284,3.893113797368582
37.403028700094445,707.6809347409157,70.00969148498694,39.310390755940105,3.058803035435627
20.573374337536286,788.6149646724065,73.13036977653516,10.024556372287662,3.5215483288379628
15.296887373778972,517.2690564416093,27.17611748465321,1.6592480632597884,2.7062126960606174
18.695912011857796,440.19899795549054,55.96981249447374,66.17186826439566,0.7999281867167545
39.30050332989884,147.45252670628395,55.622338891373914,60.24494419665878,0.8423376921757418
38.595032094187914,328.1927536093115,45.84965391508787,16.301911381488623,2.3991393512386994
31.130153758598325,434.01936617387526,85.30474037987705,23.38128330930641,2.2432287598061156
31.213955231708642,88.60042967961724,77.92544239112549,2.370775364451838,1.0483590335447768
32.9559902127489,220.61195271121125,68.80465673367458,83.49472056944037,0.21867476118370668
19.73502452283314,598.2252940637388,70.00286450144984,97.46905960485515,0.9594485941134239
39.689122539973916,735.6631142391899,52.32013006691834,13.545953679469081,3.977513912727709
26.306804172085975,998.3475113929496,84.46961647676031,23.147521376529813,4.312841498777278
25.34474026273643,933.1133313435577,68.62167990772997,86.8409523946934,2.270562209591209
29.010778042636613,642.5651995351915,71.02867431590715,92.64637979561849,1.7835137874237152
16.268081102926487,421.248053294072,80.31836326511416,41.96273828068103,0.7814227532674555
19.489650956414145,636.1773647082327,39.18501125395337,5.062247226907413,2.9775572000108994
34.926907643512,785.651618080232,76.49496327066922,3.93918336928194,3.667216520167609
17.235564033978413,118.33619092338732,33.66684220695444,57.39498660690104,0.0
31.285106955592482,409.90488969628825,44.17393665714215,39.2895108893179,1.7683840160016202
21.624425961395666,839.8022856356172,43.49273179888899,2.8652427577654516,3.826668998393359
25.510981579133365,383.832951933044,88.49678278723984,58.32523923125568,0.7319460810335564
22.794730892808897,571.8722712271865,79.95760566235488,1.1302536589022472,2.7966028226421784
24.60316334455363,587.7693608621983,69.08189031131818,78.73719581492729,1.3571934615448715
34.41423943997463,184.47625313363935,70.89397331307731,30.643282270337156,1.1983469366759953
23.022286321825725,362.2354416522884,59.345095608179975,4.02580030092321,1.7069852428310632
30.292925288016225,334.51128874193216,86.29634669759633,58.835222098315334,0.636872692505724
27.85336085937569,26.196708532064793,54.73811270176531,39.76844144330547,0.5144499248835437
32.9191214647915,24.191763891355244,46.636239690892616,97.38004133571495,0.0
40.29440296176847,831.6970436757734,31.41247358521137,54.41986625037022,4.270227912343458
34.77944662467676,273.0708099728124,75.03439565827406,27.52391810370083,1.4818210126921574
20.803390221950433,518.0787662388154,71.4110752452914,70.94388646339748,0.9799536815606208
15.841944646654687,298.72557358877305,46.904852696689446,27.149200254271133,1.1890400266814956
22.081129196095276,940.6792451153406,21.763538977146055,90.42432914075651,3.0950299520672666
31.06710412890688,259.29675886577377,78.72981294026076,37.47219705073764,1.0316376594352612
16.38849696407476,429.65681273893506,20.799258841785154,54.98685627762052,1.1526737744849087
28.40188867443338,872.7302504846018,69.25898457403358,5.0573103824228856,4.10609529256684
31.114756920756008,841.9335667918086,87.91799768082399,42.61212379522308,3.2596411661387577
24.024585052057944,186.10141784627731,50.63629297037424,83.2363539660995,0.0
35.81462950113719,802.6433097957104,36.44813834971669,80.56488053633419,3.026371691814681
17.87815283461184,458.1868867378927,69.34097070303672,22.431855885352626,1.7083856235493742
17.028720106866835,482.9688720853552,77.19896994109095,22.60790710105627,1.8868355987069159
34.66109641749729,133.4799724159438,58.25012212544931,81.73053122132367,0.12612478731063004
28.37826553756736,80.60151375712465,87.69246926793024,93.03984201693255,0.0
33.58686470354887,727.9393069737652,23.616810516057278,9.536092127300355,3.8604283503479104
26.740338142301148,496.46115235529976,55.33569188131697,45.005863942622526,1.3432412915048233
21.65285489745588,436.85070261517956,70.2917763125785,33.745427896422896,1.5298943801253033
37.11576257720339,729.5082286523967,80.38483298044252,87.06884554574394,2.2096309564942778
36.584228732162444,765.5128989911098,32.547892833545305,8.352491468001876,4.295777739894122
33.75680471306953,158.90816766935356,76.0002437234577,21.112594255803742,1.189924624817508
22.347918705208993,610.2251494776413,58.68949530029817,75.24683375864943,1.4543841591556625
30.936228005465352,135.35408227768554,47.75875773929742,5.129384898121558,1.7336085041553841
24.746295217380723,751.3750860290456,29.220052000536548,49.25353807142893,2.9827659972030705
17.47271597981912,656.9551562671395,80.57070312362387,44.210703467972,1.6621506664498018
39.76746653748056,956.6146210834579,31.009124572580074,33.44011789887487,5.033971455296419
18.69410303481196,68.95801635642118,41.68515014463695,39.457231531892376,0.0
40.65640855316167,57.05472115125432,40.30318723737058,52.99405869302329,0.9034336027633907
27.042155869864807,282.18707469320015,80.9989823933598,16.136735838838312,1.2526494103171166
